{
  "summary": {
    "baseline_prevalence": {
      "pr_auc_per_class": [
        0.8507417425638504,
        0.1290149676051623,
        0.01985608360725922
      ],
      "pr_auc_per_class_ci95": [
        [
          0.8413652310671901,
          0.8598136810127511
        ],
        [
          0.12041340076946722,
          0.13866423031047734
        ],
        [
          0.015789094287936966,
          0.024372796924358772
        ]
      ],
      "roc_auc_per_class": [
        0.4995304207430143,
        0.4993673540481281,
        0.4974148889199649
      ],
      "pr_auc_not_happy": 0.14900160902038773,
      "pr_auc_not_happy_ci95": [
        0.14000538253335454,
        0.15860491839524002
      ],
      "roc_auc_not_happy": 0.49953042074301424,
      "top_label_ece": 3.175869400795506e-08,
      "precision_not_happy": 0.14879107253564786,
      "recall_not_happy": 0.19950124688279303,
      "recall_neutral": 0.19961612284069097,
      "recall_sad": 0.19875776397515527,
      "threshold": 0.14920979237682053
    },
    "lr_summary": {
      "pr_auc_per_class": [
        0.876503775666313,
        0.15819704439514076,
        0.026803746251887008
      ],
      "pr_auc_per_class_ci95": [
        [
          0.8669199922984627,
          0.8866638417809004
        ],
        [
          0.1463848917020113,
          0.17241255032425443
        ],
        [
          0.02126161512957743,
          0.03550936985461188
        ]
      ],
      "roc_auc_per_class": [
        0.5734795562569877,
        0.583261111604429,
        0.600419839951731
      ],
      "pr_auc_not_happy": 0.18160702343537793,
      "pr_auc_not_happy_ci95": [
        0.16903176511584517,
        0.19741425019281253
      ],
      "roc_auc_not_happy": 0.5734795562569875,
      "top_label_ece": 0.0006344583434027917,
      "precision_not_happy": 0.20099255583126552,
      "recall_not_happy": 0.13466334164588528,
      "recall_neutral": 0.13051823416506717,
      "recall_sad": 0.16149068322981366,
      "threshold": 0.18076161678309688
    },
    "xgb_summary": {
      "pr_auc_per_class": [
        0.8650567176858914,
        0.15092129770985685,
        0.0211355842525348
      ],
      "pr_auc_per_class_ci95": [
        [
          0.854131829374875,
          0.8749735308712092
        ],
        [
          0.13905749233804054,
          0.16524582093651427
        ],
        [
          0.01714286603671499,
          0.026611106174131538
        ]
      ],
      "roc_auc_per_class": [
        0.5510815642517638,
        0.5530094056734586,
        0.5357900988792221
      ],
      "pr_auc_not_happy": 0.17446688722285492,
      "pr_auc_not_happy_ci95": [
        0.160931855222394,
        0.19005654547847947
      ],
      "roc_auc_not_happy": 0.5510815642517637,
      "top_label_ece": 0.03719105790121573,
      "precision_not_happy": 0.184863523573201,
      "recall_not_happy": 0.12385702410640066,
      "recall_neutral": 0.1257197696737044,
      "recall_sad": 0.11180124223602485,
      "threshold": 0.2513848543167114
    },
    "lr_summary_llm": {
      "pr_auc_per_class": [
        0.8754069862146964,
        0.1616430273856028,
        0.02672095104149287
      ],
      "pr_auc_per_class_ci95": [
        [
          0.8660056182388032,
          0.8856407119803401
        ],
        [
          0.1496739736345482,
          0.1766050383748352
        ],
        [
          0.021045753270075837,
          0.03596336348382748
        ]
      ],
      "roc_auc_per_class": [
        0.5705199656259508,
        0.583043968278905,
        0.5907220398690829
      ],
      "pr_auc_not_happy": 0.1825176502182714,
      "pr_auc_not_happy_ci95": [
        0.16910300926641392,
        0.1988210255442359
      ],
      "roc_auc_not_happy": 0.5705199656259508,
      "top_label_ece": 0.0018748379155722108,
      "precision_not_happy": 0.21588089330024815,
      "recall_not_happy": 0.14463840399002495,
      "recall_neutral": 0.14299424184261036,
      "recall_sad": 0.15527950310559005,
      "threshold": 0.19274196909763164
    },
    "xgb_summary_llm": {
      "pr_auc_per_class": [
        0.8643078893125942,
        0.1559729114768175,
        0.021422275384749327
      ],
      "pr_auc_per_class_ci95": [
        [
          0.853591229734764,
          0.8742669244588532
        ],
        [
          0.1432474012589332,
          0.17150335972472633
        ],
        [
          0.017175668634640356,
          0.02896035577933733
        ]
      ],
      "roc_auc_per_class": [
        0.5500748299220868,
        0.5513439798908477,
        0.5329476944155944
      ],
      "pr_auc_not_happy": 0.18110191311068702,
      "pr_auc_not_happy_ci95": [
        0.16653212674641865,
        0.19828663893881665
      ],
      "roc_auc_not_happy": 0.5500748299220868,
      "top_label_ece": 0.037497809149155834,
      "precision_not_happy": 0.20322180916976457,
      "recall_not_happy": 0.13632585203657524,
      "recall_neutral": 0.1362763915547025,
      "recall_sad": 0.13664596273291926,
      "threshold": 0.24926221370697021
    }
  },
  "per_fold": {
    "folds": [
      {
        "model": "baseline_prevalence",
        "folds": [
          {
            "fold": 0,
            "n_train": 6453,
            "n_test": 1614,
            "test_class_rates": [
              0.8506815365551424,
              0.1288723667905824,
              0.020446096654275093
            ]
          },
          {
            "fold": 1,
            "n_train": 6453,
            "n_test": 1614,
            "test_class_rates": [
              0.8506815365551424,
              0.1294919454770756,
              0.01982651796778191
            ]
          },
          {
            "fold": 2,
            "n_train": 6455,
            "n_test": 1612,
            "test_class_rates": [
              0.8511166253101737,
              0.12903225806451613,
              0.019851116625310174
            ]
          },
          {
            "fold": 3,
            "n_train": 6453,
            "n_test": 1614,
            "test_class_rates": [
              0.8506815365551424,
              0.1294919454770756,
              0.01982651796778191
            ]
          },
          {
            "fold": 4,
            "n_train": 6454,
            "n_test": 1613,
            "test_class_rates": [
              0.8512089274643522,
              0.12895226286422815,
              0.019838809671419714
            ]
          }
        ]
      },
      {
        "model": "lr_summary",
        "folds": [
          {
            "fold": 0,
            "n_train": 6453,
            "n_test": 1614,
            "test_class_rates": [
              0.8506815365551424,
              0.1288723667905824,
              0.020446096654275093
            ]
          },
          {
            "fold": 1,
            "n_train": 6453,
            "n_test": 1614,
            "test_class_rates": [
              0.8506815365551424,
              0.1294919454770756,
              0.01982651796778191
            ]
          },
          {
            "fold": 2,
            "n_train": 6455,
            "n_test": 1612,
            "test_class_rates": [
              0.8511166253101737,
              0.12903225806451613,
              0.019851116625310174
            ]
          },
          {
            "fold": 3,
            "n_train": 6453,
            "n_test": 1614,
            "test_class_rates": [
              0.8506815365551424,
              0.1294919454770756,
              0.01982651796778191
            ]
          },
          {
            "fold": 4,
            "n_train": 6454,
            "n_test": 1613,
            "test_class_rates": [
              0.8512089274643522,
              0.12895226286422815,
              0.019838809671419714
            ]
          }
        ]
      },
      {
        "model": "xgb_summary",
        "folds": [
          {
            "fold": 0,
            "n_train": 6453,